doc_id,run_id,source_type,source_name,source_url,source_version,accessed_at,published_at,local_path,checksum_sha256
SRC-pilot25_2026Q1_v1-FILING-A-000109087225000087,pilot25_2026Q1_v1,filing,A 10-K primary filing document,https://www.sec.gov/Archives/edgar/data/1090872/000109087225000087/a-20251031.htm,0001090872-25-000087,2026-03-16T17:04:51.801Z,2025-12-22,C:/Users/uprig/Documents/claude/jobs_sp500/data/raw/pilot25_2026Q1_v1__filing_primary_docs__2026-03-16T17-04-51.801Z/A__000109087225000087__a-20251031.htm,56460d1d5d917ed876bc421191ef6b3ae7841af02aec2b8df99fd685815ad7bf
SRC-pilot25_2026Q1_v1-FILING-AAPL-000032019325000079,pilot25_2026Q1_v1,filing,AAPL 10-K primary filing document,https://www.sec.gov/Archives/edgar/data/320193/000032019325000079/aapl-20250927.htm,0000320193-25-000079,2026-03-16T17:04:51.801Z,2025-10-31,C:/Users/uprig/Documents/claude/jobs_sp500/data/raw/pilot25_2026Q1_v1__filing_primary_docs__2026-03-16T17-04-51.801Z/AAPL__000032019325000079__aapl-20250927.htm,08381718593b982461a30f21c97711d5d2b6180a42806079d1c6df9634a9433d
SRC-pilot25_2026Q1_v1-FILING-ABBV-000155115226000008,pilot25_2026Q1_v1,filing,ABBV 10-K primary filing document,https://www.sec.gov/Archives/edgar/data/1551152/000155115226000008/abbv-20251231.htm,0001551152-26-000008,2026-03-16T17:04:51.801Z,2026-02-20,C:/Users/uprig/Documents/claude/jobs_sp500/data/raw/pilot25_2026Q1_v1__filing_primary_docs__2026-03-16T17-04-51.801Z/ABBV__000155115226000008__abbv-20251231.htm,774e85270fce5770a76d49619b0b0340fa69eb23b21d33f320d63421d4ee3041
SRC-pilot25_2026Q1_v1-FILING-ABNB-000155972026000004,pilot25_2026Q1_v1,filing,ABNB 10-K primary filing document,https://www.sec.gov/Archives/edgar/data/1559720/000155972026000004/abnb-20251231.htm,0001559720-26-000004,2026-03-16T17:04:51.801Z,2026-02-12,C:/Users/uprig/Documents/claude/jobs_sp500/data/raw/pilot25_2026Q1_v1__filing_primary_docs__2026-03-16T17-04-51.801Z/ABNB__000155972026000004__abnb-20251231.htm,a30d437b4878672fe452d209d3b3d799bc0e672c2de2821b17a993cf7e252845
SRC-pilot25_2026Q1_v1-FILING-ABT-000162828026010185,pilot25_2026Q1_v1,filing,ABT 10-K primary filing document,https://www.sec.gov/Archives/edgar/data/1800/000162828026010185/abt-20251231.htm,0001628280-26-010185,2026-03-16T17:04:51.801Z,2026-02-20,C:/Users/uprig/Documents/claude/jobs_sp500/data/raw/pilot25_2026Q1_v1__filing_primary_docs__2026-03-16T17-04-51.801Z/ABT__000162828026010185__abt-20251231.htm,420b4c9ae41aaee72c65e027b141abe1aadb5eb30699ffc127ad8785838326ec
SRC-pilot25_2026Q1_v1-FILING-ACGL-000094748426000017,pilot25_2026Q1_v1,filing,ACGL 10-K primary filing document,https://www.sec.gov/Archives/edgar/data/947484/000094748426000017/acgl-20251231.htm,0000947484-26-000017,2026-03-16T17:04:51.801Z,2026-02-26,C:/Users/uprig/Documents/claude/jobs_sp500/data/raw/pilot25_2026Q1_v1__filing_primary_docs__2026-03-16T17-04-51.801Z/ACGL__000094748426000017__acgl-20251231.htm,e8ce07849f35251a6f91d9d1ad6e6241fe9a73e69ed56a18975971c6c5ad83b0
SRC-pilot25_2026Q1_v1-FILING-ACN-000146737325000217,pilot25_2026Q1_v1,filing,ACN 10-K primary filing document,https://www.sec.gov/Archives/edgar/data/1467373/000146737325000217/acn-20250831.htm,0001467373-25-000217,2026-03-16T17:04:51.801Z,2025-10-10,C:/Users/uprig/Documents/claude/jobs_sp500/data/raw/pilot25_2026Q1_v1__filing_primary_docs__2026-03-16T17-04-51.801Z/ACN__000146737325000217__acn-20250831.htm,6674ce63c756dd46f6bf8743abd15a9c7de8855f6d5d3eef03c16f7b2551793a
SRC-pilot25_2026Q1_v1-FILING-ADBE-000079634326000003,pilot25_2026Q1_v1,filing,ADBE 10-K primary filing document,https://www.sec.gov/Archives/edgar/data/796343/000079634326000003/adbe-20251128.htm,0000796343-26-000003,2026-03-16T17:04:51.801Z,2026-01-15,C:/Users/uprig/Documents/claude/jobs_sp500/data/raw/pilot25_2026Q1_v1__filing_primary_docs__2026-03-16T17-04-51.801Z/ADBE__000079634326000003__adbe-20251128.htm,4243556098c4f9c48ac19c7f4dc730fb4d609d20e081b9e2866873c8d35e639f
SRC-pilot25_2026Q1_v1-FILING-ADI-000000628125000153,pilot25_2026Q1_v1,filing,ADI 10-K primary filing document,https://www.sec.gov/Archives/edgar/data/6281/000000628125000153/adi-20251101.htm,0000006281-25-000153,2026-03-16T17:04:51.801Z,2025-11-25,C:/Users/uprig/Documents/claude/jobs_sp500/data/raw/pilot25_2026Q1_v1__filing_primary_docs__2026-03-16T17-04-51.801Z/ADI__000000628125000153__adi-20251101.htm,fcae9c59a59ce59f03018cca6d208ad2686801ddedec7f86983ed7faf4042ff3
SRC-pilot25_2026Q1_v1-FILING-ADM-000000708426000011,pilot25_2026Q1_v1,filing,ADM 10-K primary filing document,https://www.sec.gov/Archives/edgar/data/7084/000000708426000011/adm-20251231.htm,0000007084-26-000011,2026-03-16T17:04:51.801Z,2026-02-17,C:/Users/uprig/Documents/claude/jobs_sp500/data/raw/pilot25_2026Q1_v1__filing_primary_docs__2026-03-16T17-04-51.801Z/ADM__000000708426000011__adm-20251231.htm,29b6a29074b8d6a2cb06a86e871b4961ffff3db010399bccfea8752dca59f0f7
SRC-pilot25_2026Q1_v1-FILING-ADP-000000867025000037,pilot25_2026Q1_v1,filing,ADP 10-K primary filing document,https://www.sec.gov/Archives/edgar/data/8670/000000867025000037/adp-20250630.htm,0000008670-25-000037,2026-03-16T17:04:51.801Z,2025-08-06,C:/Users/uprig/Documents/claude/jobs_sp500/data/raw/pilot25_2026Q1_v1__filing_primary_docs__2026-03-16T17-04-51.801Z/ADP__000000867025000037__adp-20250630.htm,6acb8fe3bc1bfe2d638a80501ebb2496dc3d1169cab449b036625134330459ef
SRC-pilot25_2026Q1_v1-FILING-ADSK-000076939726000015,pilot25_2026Q1_v1,filing,ADSK 10-K primary filing document,https://www.sec.gov/Archives/edgar/data/769397/000076939726000015/adsk-20260131.htm,0000769397-26-000015,2026-03-16T17:04:51.801Z,2026-03-03,C:/Users/uprig/Documents/claude/jobs_sp500/data/raw/pilot25_2026Q1_v1__filing_primary_docs__2026-03-16T17-04-51.801Z/ADSK__000076939726000015__adsk-20260131.htm,aab3e1bcd151a211fbb437ab0a5786064d6b4c48c7f3cd240c546e4e7468317a
SRC-pilot25_2026Q1_v1-FILING-AEE-000100291026000009,pilot25_2026Q1_v1,filing,AEE 10-K primary filing document,https://www.sec.gov/Archives/edgar/data/1002910/000100291026000009/aee-20251231.htm,0001002910-26-000009,2026-03-16T17:04:51.801Z,2026-02-18,C:/Users/uprig/Documents/claude/jobs_sp500/data/raw/pilot25_2026Q1_v1__filing_primary_docs__2026-03-16T17-04-51.801Z/AEE__000100291026000009__aee-20251231.htm,2b32a228103e0d23a6b44bb05c1133070ee6d48ac214fe74eb7c590f1f851dab
SRC-pilot25_2026Q1_v1-FILING-AEP-000000490426000013,pilot25_2026Q1_v1,filing,AEP 10-K primary filing document,https://www.sec.gov/Archives/edgar/data/4904/000000490426000013/aep-20251231.htm,0000004904-26-000013,2026-03-16T17:04:51.801Z,2026-02-12,C:/Users/uprig/Documents/claude/jobs_sp500/data/raw/pilot25_2026Q1_v1__filing_primary_docs__2026-03-16T17-04-51.801Z/AEP__000000490426000013__aep-20251231.htm,ec6b2320848cf38119412f59d54274b4a97430a05a99200050c0b8343fc7a199
SRC-pilot25_2026Q1_v1-FILING-AES-000087476126000063,pilot25_2026Q1_v1,filing,AES 10-K primary filing document,https://www.sec.gov/Archives/edgar/data/874761/000087476126000063/aes-20251231.htm,0000874761-26-000063,2026-03-16T17:04:51.801Z,2026-03-02,C:/Users/uprig/Documents/claude/jobs_sp500/data/raw/pilot25_2026Q1_v1__filing_primary_docs__2026-03-16T17-04-51.801Z/AES__000087476126000063__aes-20251231.htm,27d0b28318c6fdcd8855672787378cb707c0614c3342fa68c3449a8c923e274f
SRC-pilot25_2026Q1_v1-FILING-AFL-000162828026011402,pilot25_2026Q1_v1,filing,AFL 10-K primary filing document,https://www.sec.gov/Archives/edgar/data/4977/000162828026011402/afl-20251231.htm,0001628280-26-011402,2026-03-16T17:04:51.801Z,2026-02-25,C:/Users/uprig/Documents/claude/jobs_sp500/data/raw/pilot25_2026Q1_v1__filing_primary_docs__2026-03-16T17-04-51.801Z/AFL__000162828026011402__afl-20251231.htm,1bae135e75e396a4cefa97a14352d690f43ef5fe912ed8d4fbe0abf20e83c9da
SRC-pilot25_2026Q1_v1-FILING-AIG-000000527226000023,pilot25_2026Q1_v1,filing,AIG 10-K primary filing document,https://www.sec.gov/Archives/edgar/data/5272/000000527226000023/aig-20251231.htm,0000005272-26-000023,2026-03-16T17:04:51.801Z,2026-02-12,C:/Users/uprig/Documents/claude/jobs_sp500/data/raw/pilot25_2026Q1_v1__filing_primary_docs__2026-03-16T17-04-51.801Z/AIG__000000527226000023__aig-20251231.htm,97876d5abedd2a10eca9033749a4dd5caa91c73e17c30dab5a42a26d4dc6963c
SRC-pilot25_2026Q1_v1-FILING-AIZ-000126723826000010,pilot25_2026Q1_v1,filing,AIZ 10-K primary filing document,https://www.sec.gov/Archives/edgar/data/1267238/000126723826000010/aiz-20251231.htm,0001267238-26-000010,2026-03-16T17:04:51.801Z,2026-02-19,C:/Users/uprig/Documents/claude/jobs_sp500/data/raw/pilot25_2026Q1_v1__filing_primary_docs__2026-03-16T17-04-51.801Z/AIZ__000126723826000010__aiz-20251231.htm,63463b438071a3bb1fa68528196c7db9bbb9fe22ad36c9b16d323d744ec6dade
SRC-pilot25_2026Q1_v1-FILING-AJG-000162828026008662,pilot25_2026Q1_v1,filing,AJG 10-K primary filing document,https://www.sec.gov/Archives/edgar/data/354190/000162828026008662/ajg-20251231.htm,0001628280-26-008662,2026-03-16T17:04:51.801Z,2026-02-17,C:/Users/uprig/Documents/claude/jobs_sp500/data/raw/pilot25_2026Q1_v1__filing_primary_docs__2026-03-16T17-04-51.801Z/AJG__000162828026008662__ajg-20251231.htm,5ec6326c59a11665a2ce5cce720da821f0bdfc0443d9af43b6b439189e062faf
SRC-pilot25_2026Q1_v1-FILING-AKAM-000108622226000022,pilot25_2026Q1_v1,filing,AKAM 10-K primary filing document,https://www.sec.gov/Archives/edgar/data/1086222/000108622226000022/akam-20251231.htm,0001086222-26-000022,2026-03-16T17:04:51.801Z,2026-02-20,C:/Users/uprig/Documents/claude/jobs_sp500/data/raw/pilot25_2026Q1_v1__filing_primary_docs__2026-03-16T17-04-51.801Z/AKAM__000108622226000022__akam-20251231.htm,80456fa9510c48fb7eb00cc3c4b26accf1483a104b75c7aba3223f6427357708
SRC-pilot25_2026Q1_v1-FILING-ALB-000091591326000018,pilot25_2026Q1_v1,filing,ALB 10-K primary filing document,https://www.sec.gov/Archives/edgar/data/915913/000091591326000018/alb-20251231.htm,0000915913-26-000018,2026-03-16T17:04:51.801Z,2026-02-11,C:/Users/uprig/Documents/claude/jobs_sp500/data/raw/pilot25_2026Q1_v1__filing_primary_docs__2026-03-16T17-04-51.801Z/ALB__000091591326000018__alb-20251231.htm,60d1b238990e32ef8d51646e16f7a25f15bd94b4f1f36f436d660d84ccb9420e
SRC-pilot25_2026Q1_v1-FILING-ALGN-000109714926000014,pilot25_2026Q1_v1,filing,ALGN 10-K primary filing document,https://www.sec.gov/Archives/edgar/data/1097149/000109714926000014/algn-20251231.htm,0001097149-26-000014,2026-03-16T17:04:51.801Z,2026-02-27,C:/Users/uprig/Documents/claude/jobs_sp500/data/raw/pilot25_2026Q1_v1__filing_primary_docs__2026-03-16T17-04-51.801Z/ALGN__000109714926000014__algn-20251231.htm,d8d2068cfa38d4ac8f9bbf94b20217eb2ed34e5078faf72561b4773eeb372484
SRC-pilot25_2026Q1_v1-FILING-ALL-000089905126000031,pilot25_2026Q1_v1,filing,ALL 10-K primary filing document,https://www.sec.gov/Archives/edgar/data/899051/000089905126000031/all-20251231.htm,0000899051-26-000031,2026-03-16T17:04:51.801Z,2026-02-20,C:/Users/uprig/Documents/claude/jobs_sp500/data/raw/pilot25_2026Q1_v1__filing_primary_docs__2026-03-16T17-04-51.801Z/ALL__000089905126000031__all-20251231.htm,1244bf9f1cb49df287a02120a3289a8d837ccf65c253b46e52572b32cf0fd3bf
SRC-pilot25_2026Q1_v1-FILING-ALLE-000157924126000007,pilot25_2026Q1_v1,filing,ALLE 10-K primary filing document,https://www.sec.gov/Archives/edgar/data/1579241/000157924126000007/alle-20251231.htm,0001579241-26-000007,2026-03-16T17:04:51.801Z,2026-02-17,C:/Users/uprig/Documents/claude/jobs_sp500/data/raw/pilot25_2026Q1_v1__filing_primary_docs__2026-03-16T17-04-51.801Z/ALLE__000157924126000007__alle-20251231.htm,ceac5214956533d5f9ada188ebbc2b68907c5c7bcfd8017e29e90808aa5f26f5
SRC-pilot25_2026Q1_v1-FILING-AMAT-000162828025056742,pilot25_2026Q1_v1,filing,AMAT 10-K primary filing document,https://www.sec.gov/Archives/edgar/data/6951/000162828025056742/amat-20251026.htm,0001628280-25-056742,2026-03-16T17:04:51.801Z,2025-12-12,C:/Users/uprig/Documents/claude/jobs_sp500/data/raw/pilot25_2026Q1_v1__filing_primary_docs__2026-03-16T17-04-51.801Z/AMAT__000162828025056742__amat-20251026.htm,ef5a654f85a52c2aea2e11d88d984fcee206f9221b4f811e5a8a1403d20fd968
